oil,scenario,group,n_elements,centroid_lon_deg_east,centroid_lat_deg_north
Qua Iboe,C2,mostly_submerged_lt_0p50,43,-2.253532598184985,4.512035358783811
Qua Iboe,C2,surface_locked_ge_0p95,3,-2.1578858693440757,4.663283030192058
Qua Iboe,C2,all_elements,1000,-2.1919295784235002,4.594494609832764
Qua Iboe,C3,mostly_submerged_lt_0p50,106,-2.2569109943677796,4.4800299428543955
Qua Iboe,C3,surface_locked_ge_0p95,428,-2.165891732608571,4.639664634255802
Qua Iboe,C3,all_elements,1000,-2.1867565160529425,4.608344426245962
Bonny Light,C2,mostly_submerged_lt_0p50,35,-2.2290107590811594,4.482269137246268
Bonny Light,C2,surface_locked_ge_0p95,61,-2.1627472267776238,4.64226746168293
Bonny Light,C2,all_elements,1000,-2.1857759046554563,4.609537796974182
Bonny Light,C3,mostly_submerged_lt_0p50,41,-2.269351534727143,4.468159594186923
Bonny Light,C3,surface_locked_ge_0p95,762,-2.1643262416359006,4.645493951056573
Bonny Light,C3,all_elements,1000,-2.172206038713455,4.631500793933869
