configuration,time_h,cumulative_post_release_surface_exposure,instantaneous_subsurface_occupancy,mean_submerged_depth_m
C1 Surface drift,0.0,,0.0,
C1 Surface drift,1.0,,0.0,
C1 Surface drift,2.0,,0.0,
C1 Surface drift,3.0,,0.0,
C1 Surface drift,4.0,,0.0,
C1 Surface drift,5.0,,0.0,
C1 Surface drift,6.0,1.0,0.0,
C1 Surface drift,7.0,1.0,0.0,
C1 Surface drift,8.0,1.0,0.0,
C1 Surface drift,9.0,1.0,0.0,
C1 Surface drift,10.0,1.0,0.0,
C1 Surface drift,11.0,1.0,0.0,
C1 Surface drift,12.0,1.0,0.0,
C1 Surface drift,13.0,1.0,0.0,
C1 Surface drift,14.0,1.0,0.0,
C1 Surface drift,15.0,1.0,0.0,
C1 Surface drift,16.0,1.0,0.0,
C1 Surface drift,17.0,1.0,0.0,
C1 Surface drift,18.0,1.0,0.0,
C1 Surface drift,19.0,1.0,0.0,
C1 Surface drift,20.0,1.0,0.0,
C1 Surface drift,21.0,1.0,0.0,
C1 Surface drift,22.0,1.0,0.0,
C1 Surface drift,23.0,1.0,0.0,
C1 Surface drift,24.0,1.0,0.0,
C1 Surface drift,25.0,1.0,0.0,
C1 Surface drift,26.0,1.0,0.0,
C1 Surface drift,27.0,1.0,0.0,
C1 Surface drift,28.0,1.0,0.0,
C1 Surface drift,29.0,1.0,0.0,
C1 Surface drift,30.0,1.0,0.0,
C1 Surface drift,31.0,1.0,0.0,
C1 Surface drift,32.0,1.0,0.0,
C1 Surface drift,33.0,1.0,0.0,
C1 Surface drift,34.0,1.0,0.0,
C1 Surface drift,35.0,1.0,0.0,
C1 Surface drift,36.0,1.0,0.0,
C1 Surface drift,37.0,1.0,0.0,
C1 Surface drift,38.0,1.0,0.0,
C1 Surface drift,39.0,1.0,0.0,
C1 Surface drift,40.0,1.0,0.0,
C1 Surface drift,41.0,1.0,0.0,
C1 Surface drift,42.0,1.0,0.0,
C1 Surface drift,43.0,1.0,0.0,
C1 Surface drift,44.0,1.0,0.0,
C1 Surface drift,45.0,1.0,0.0,
C1 Surface drift,46.0,1.0,0.0,
C1 Surface drift,47.0,1.0,0.0,
C1 Surface drift,48.0,1.0,0.0,
C2 Vertical exchange,0.0,,0.0,
C2 Vertical exchange,1.0,,0.256,2.095725681982003
C2 Vertical exchange,2.0,,0.38369304556354916,2.168255657799091
C2 Vertical exchange,3.0,,0.41337907375643224,2.3515399071847813
C2 Vertical exchange,4.0,,0.4,2.402260680317413
C2 Vertical exchange,5.0,,0.3951965065502183,3.0518397766175727
C2 Vertical exchange,6.0,0.634,0.366,2.9128193318070283
C2 Vertical exchange,7.0,0.65,0.334,3.309554550897129
C2 Vertical exchange,8.0,0.685,0.245,3.157635269924162
C2 Vertical exchange,9.0,0.70175,0.248,3.1306237830299763
C2 Vertical exchange,10.0,0.7258,0.178,4.292884462711851
C2 Vertical exchange,11.0,0.756,0.093,4.746097310336046
C2 Vertical exchange,12.0,0.7804285714285715,0.073,4.994051812618512
C2 Vertical exchange,13.0,0.798625,0.074,4.840550094918424
C2 Vertical exchange,14.0,0.8123333333333334,0.078,4.310012489843827
C2 Vertical exchange,15.0,0.8183,0.128,3.071182466490427
C2 Vertical exchange,16.0,0.8187272727272727,0.177,3.2197995498187124
C2 Vertical exchange,17.0,0.8149166666666666,0.227,3.1023633582804697
C2 Vertical exchange,18.0,0.8024615384615384,0.347,2.6473067676720965
C2 Vertical exchange,19.0,0.7872142857142858,0.411,2.8297586888635706
C2 Vertical exchange,20.0,0.772,0.441,2.7021762625231935
C2 Vertical exchange,21.0,0.759125,0.434,2.724441382308675
C2 Vertical exchange,22.0,0.7525294117647059,0.353,3.1970339245281627
C2 Vertical exchange,23.0,0.7472222222222222,0.343,3.27101472833631
C2 Vertical exchange,24.0,0.7422105263157894,0.348,3.1130125265073896
C2 Vertical exchange,25.0,0.73645,0.373,3.0320049110549094
C2 Vertical exchange,26.0,0.7303333333333333,0.392,2.982989493169767
C2 Vertical exchange,27.0,0.725909090909091,0.367,3.2866025741468374
C2 Vertical exchange,28.0,0.7236086956521739,0.327,3.65682179049022
C2 Vertical exchange,29.0,0.7231666666666666,0.287,3.3852221934361713
C2 Vertical exchange,30.0,0.72628,0.199,3.9525079510499954
C2 Vertical exchange,31.0,0.7318461538461538,0.129,4.215543471334517
C2 Vertical exchange,32.0,0.7383703703703703,0.092,5.048852790632973
C2 Vertical exchange,33.0,0.7451785714285715,0.071,5.242802970478652
C2 Vertical exchange,34.0,0.7520689655172413,0.055,5.434428373791954
C2 Vertical exchange,35.0,0.7588666666666667,0.044,5.08272634473079
C2 Vertical exchange,36.0,0.7655161290322581,0.035,5.467661322866167
C2 Vertical exchange,37.0,0.7719375,0.029,5.640068811589274
C2 Vertical exchange,38.0,0.777969696969697,0.029,6.078629674582646
C2 Vertical exchange,39.0,0.7835,0.034,5.361864066189703
C2 Vertical exchange,40.0,0.7881714285714285,0.053,2.9419086370968595
C2 Vertical exchange,41.0,0.7924166666666667,0.059,3.9618623540184257
C2 Vertical exchange,42.0,0.7968108108108108,0.045,4.087884611615705
C2 Vertical exchange,43.0,0.8011578947368421,0.038,3.8560416322005424
C2 Vertical exchange,44.0,0.8051794871794872,0.042,3.3695283611083315
C2 Vertical exchange,45.0,0.809325,0.029,4.19070670111426
C2 Vertical exchange,46.0,0.8134634146341463,0.021,4.317445946591241
C2 Vertical exchange,47.0,0.8175476190476191,0.015,4.956793471177419
C2 Vertical exchange,48.0,0.8214418604651162,0.015,4.691117187341054
C3 Full fate,0.0,,0.0,
C3 Full fate,1.0,,0.22,2.241257937049324
C3 Full fate,2.0,,0.26139088729016785,2.374144389541871
C3 Full fate,3.0,,0.2469982847341338,2.7725863285676393
C3 Full fate,4.0,,0.23866666666666667,3.097777927408838
C3 Full fate,5.0,,0.21506550218340612,3.6939998560864007
C3 Full fate,6.0,0.785,0.215,3.982169838700184
C3 Full fate,7.0,0.8045,0.176,4.200183225255222
C3 Full fate,8.0,0.8196666666666667,0.15,4.502006264651815
C3 Full fate,9.0,0.831,0.135,4.947194130001245
C3 Full fate,10.0,0.841,0.119,4.5610029981667255
C3 Full fate,11.0,0.8525,0.09,5.77549361160232
C3 Full fate,12.0,0.8628571428571429,0.075,5.067610565324625
C3 Full fate,13.0,0.871875,0.065,4.572950564897978
C3 Full fate,14.0,0.879,0.064,5.251202943269163
C3 Full fate,15.0,0.8835,0.076,4.72867053943245
C3 Full fate,16.0,0.8872727272727273,0.075,4.32646077632904
C3 Full fate,17.0,0.89,0.08,4.548890044575091
C3 Full fate,18.0,0.8916923076923077,0.088,5.0264571049166
C3 Full fate,19.0,0.8917142857142857,0.108,5.390146074237135
C3 Full fate,20.0,0.8910666666666667,0.118,4.946108313458892
C3 Full fate,21.0,0.8914375,0.103,4.940106643635092
C3 Full fate,22.0,0.892,0.099,5.2089712098428995
C3 Full fate,23.0,0.8930555555555556,0.089,4.874642421857694
C3 Full fate,24.0,0.8947894736842106,0.074,5.520136981397061
C3 Full fate,25.0,0.89625,0.076,5.600625193310215
C3 Full fate,26.0,0.8978095238095238,0.071,5.333873616137975
C3 Full fate,27.0,0.8990454545454546,0.075,5.68194356923302
C3 Full fate,28.0,0.9003043478260869,0.072,5.621425930307144
C3 Full fate,29.0,0.9015833333333333,0.069,5.366470826114865
C3 Full fate,30.0,0.90312,0.06,5.65256525799632
C3 Full fate,31.0,0.9048461538461539,0.052,5.372331335379456
C3 Full fate,32.0,0.9066296296296297,0.047,6.1273746972388405
C3 Full fate,33.0,0.9083214285714286,0.046,5.866920765813278
C3 Full fate,34.0,0.91,0.043,6.3345776602279305
C3 Full fate,35.0,0.9116,0.042,5.428487290583906
C3 Full fate,36.0,0.9131290322580645,0.041,5.9614153620673385
C3 Full fate,37.0,0.914625,0.039,5.264106758894065
C3 Full fate,38.0,0.916060606060606,0.038,6.215806262469606
C3 Full fate,39.0,0.9174117647058824,0.038,5.129643395150962
C3 Full fate,40.0,0.9187428571428572,0.036,5.567207667976618
C3 Full fate,41.0,0.9200555555555555,0.034,5.8079660683870316
C3 Full fate,42.0,0.9212972972972973,0.034,6.712940403643777
C3 Full fate,43.0,0.9225526315789474,0.031,5.275026485323906
C3 Full fate,44.0,0.9237179487179488,0.032,5.635685139335692
C3 Full fate,45.0,0.92485,0.031,5.10285277039774
C3 Full fate,46.0,0.9259268292682927,0.031,5.092391934125654
C3 Full fate,47.0,0.926952380952381,0.031,6.407849480428042
C3 Full fate,48.0,0.9279302325581396,0.031,5.256992757320404
