time_h,mass_oil_model_units,mass_evaporated_model_units,mass_dispersed_model_units,mass_biodegraded_model_units,total_represented_mass_model_units,release_complete_mass_model_units,fraction_remaining_oil,fraction_evaporated,fraction_dispersed,mean_particle_water_fraction,post_release_mass_closure
0.0,428.9860668182373,0.0,0.0,0.0,428.9860668182373,5106.976989026414,0.08399999994909288,0.0,0.0,0.0,
1.0,1006.4792284965515,259.623574256897,10.641441765241325,0.0,1276.7442445186898,5106.976989026414,0.1970792566050753,0.05083703623782945,0.0020837066209828353,0.05477277889847756,
2.0,1554.7153379917145,538.3300548791885,36.5640087351203,0.0,2129.6094016060233,5106.976989026414,0.30442967362735324,0.10541070696733547,0.007159618853518821,0.16702110499000664,
3.0,2079.770173549652,822.2449952363968,75.35241182520986,0.0,2977.3675806112587,5106.976989026414,0.40724095252799175,0.16100424908966512,0.014754797600835659,0.25217433292961855,
4.0,2598.602850675583,1112.1403675079346,119.48952160216868,0.0,3830.232739785686,5106.976989026414,0.5088338671310474,0.21776882290592642,0.023397309574513664,0.3105301160911719,
5.0,3106.4689571857452,1406.7474739551544,164.77448887284845,0.0,4677.990920013748,5106.976989026414,0.6082794114523624,0.27545600400743814,0.03226458416141421,0.352475057791219,
6.0,3195.186639547348,1703.866981625557,207.92336785350926,0.0,5106.976989026414,5106.976989026414,0.6256512700983352,0.3336351397875359,0.04071359011412883,0.4155051574036479,1.0
7.0,3112.088820695877,1754.4349831342697,240.45317961275578,0.0,5106.976983442903,5106.976989026414,0.6093798400468533,0.3435368882421247,0.047083270617711434,0.49930421406030656,0.9999999989066894
8.0,3060.3498528003693,1784.7999702692032,261.82716089114547,0.0,5106.976983960718,5106.976989026414,0.5992488040138574,0.34948267323394666,0.05126852176027912,0.555056765794754,0.9999999990080832
9.0,3010.74519944191,1813.617628455162,282.614156011492,0.0,5106.976983908564,5106.976989026414,0.5895356892954933,0.35512547488507623,0.055338834817301404,0.5987227431535721,0.9999999989978708
10.0,2970.387959241867,1840.589205980301,295.9998179599643,0.0,5106.976983182132,5106.976989026414,0.5816333156825398,0.3604067944569274,0.057959888716160674,0.6310421935915947,0.9999999988556278
11.0,2945.6100504398346,1864.1071147918701,297.259822756052,0.0,5106.976987987757,5106.976989026414,0.5767815396014504,0.3650118492402372,0.05820661095493229,0.6507764402627945,0.9999999997966199
12.0,2921.882546901703,1886.80100274086,298.2934392169118,0.0,5106.976988859475,5106.976989026414,0.5721354439583496,0.36945555204088687,0.05840900396807505,0.6681264246106148,0.9999999999673115
13.0,2897.926416873932,1909.4860464334488,299.564522318542,0.0,5106.976985625923,5106.976989026414,0.5674445808353619,0.37389752304277957,0.05865789545600645,0.6840329330563545,0.9999999993341478
14.0,2871.8139028549194,1932.5391228199005,302.6239615380764,0.0,5106.976987212896,5106.976989026414,0.562331474965662,0.3784115587308171,0.05925696594841484,0.7000985721945763,0.999999999644894
15.0,2840.89160490036,1956.3192067146301,309.7661734819412,0.0,5106.9769850969315,5106.976989026414,0.5562765626327881,0.3830679501627399,0.060655486435037674,0.7163806826472282,0.9999999992305658
16.0,2805.155078649521,1979.7119708061218,322.10993929207325,0.0,5106.976988747716,5106.976989026414,0.5492789735839971,0.38764850028892156,0.06307252607250924,0.7325719045996666,0.999999999945428
17.0,2765.116467475891,2002.9596110582352,338.9009159579873,0.0,5106.976994492114,5106.976989026414,0.5414389908976325,0.39220063363553087,0.06636037653707831,0.7479811611771584,1.0000000010702417
18.0,2712.3902230262756,2026.7772326469421,367.8095274269581,0.0,5106.976983100176,5106.976989026414,0.5311146356943662,0.39686437534415514,0.07202098780105855,0.7639374825954437,0.99999999883958
19.0,2640.3234448432922,2051.168346762657,415.48519575595856,0.0,5106.976987361908,5106.976989026414,0.5170031998414466,0.4016404129429392,0.08135638688968637,0.7810714665651322,0.999999999674072
20.0,2564.753349304199,2074.08319234848,468.14044350385666,0.0,5106.976985156536,5106.976989026414,0.502205777471721,0.40612738158114947,0.09166684018936655,0.7966901111602783,0.999999999242237
21.0,2500.652527809143,2094.868834733963,511.4556240439415,0.0,5106.976986587048,5106.976989026414,0.4896541600211642,0.4101974297584069,0.10014840974277515,0.8090494989156723,0.9999999995223463
22.0,2449.5575819015503,2113.909340620041,543.5100635588169,0.0,5106.976986080408,5106.976989026414,0.47964923029123147,0.4139257617886845,0.10642500734322494,0.8187702530622483,0.9999999994231409
23.0,2405.9848942756653,2131.791617870331,569.2004727721214,0.0,5106.9769849181175,5106.976989026414,0.47111723813236495,0.4174273004266526,0.11145546063653458,0.8269518747329712,0.9999999991955522
24.0,2362.0251393318176,2149.129530787468,595.8223200142384,0.0,5106.976990133524,5106.976989026414,0.4625094541070392,0.4208222467822739,0.11666829932747062,0.8345604355931282,1.0000000002167837
25.0,2315.96271109581,2166.181482195854,624.8327921926975,0.0,5106.976985484362,5106.976989026414,0.45348994445681284,0.42416119885607934,0.12234885599353652,0.8417995486259461,0.9999999993064287
26.0,2270.7509849071503,2182.483841061592,653.7421607673168,0.0,5106.976986736059,5106.976989026414,0.4446370112468516,0.4273533727978785,0.1280096155067942,0.8484872758984566,0.9999999995515243
27.0,2226.249081969261,2198.0385941267014,682.6893123090267,0.0,5106.976988404989,5106.976989026414,0.4359230689217712,0.4303991576327294,0.13367777332381783,0.8546753391027451,0.9999999998783184
28.0,2189.159327507019,2212.364797949791,705.452858299017,0.0,5106.976983755827,5106.976989026414,0.428660503505491,0.43320437955831725,0.13813511590415514,0.8599432668089867,0.9999999989679634
29.0,2162.179383993149,2225.4407836198807,719.3568177521229,0.0,5106.976985365152,5106.976989026414,0.4233775457847409,0.43576479557315084,0.14085765792519458,0.8642056569457054,0.9999999992830862
30.0,2144.7279596328735,2237.0186706781387,725.2303621172905,0.0,5106.976992428303,5106.976989026414,0.4199603726904086,0.4380318680669443,0.14200775990877282,0.8675404708385468,1.0000000006661256
31.0,2142.8614600896835,2237.0186706781387,727.0968568325043,0.0,5106.9769876003265,5106.976989026414,0.4195948923784352,0.4380318680669443,0.14237323927537743,0.8702191918492317,0.9999999997207569
32.0,2142.1601717472076,2237.0186706781387,727.7981448769569,0.0,5106.976987302303,5106.976989026414,0.4194575727186869,0.4380318680669443,0.14251055887676972,0.8725300444364548,0.9999999996624008
33.0,2141.9123401641846,2237.0186706781387,728.0459786653519,0.0,5106.976989507675,5106.976989026414,0.41940904467880036,0.4380318680669443,0.14255908734849135,0.8745195266008378,1.000000000094236
34.0,2141.8761600255966,2237.0186706781387,728.0821586847305,0.0,5106.976989388466,5106.976989026414,0.4194019602257735,0.4380318680669443,0.14256617177817574,0.8760652587413787,1.0000000000708935
35.0,2141.8691185712814,2237.0186706781387,728.0892001986504,0.0,5106.9769894480705,5106.976989026414,0.4194005814346941,0.4380318680669443,0.14256755058092638,0.8774495666623116,1.0000000000825648
36.0,2141.8517767190933,2237.0186706781387,728.1065417528152,0.0,5106.976989150047,5106.976989026414,0.41939718571698764,0.4380318680669443,0.14257094624027675,0.8788612880706788,1.0000000000242086
37.0,2141.8231369256973,2237.0186706781387,728.135181427002,0.0,5106.976989030838,5106.976989026414,0.4193915777431398,0.4380318680669443,0.14257655419078213,0.8803270354866981,1.0000000000008662
38.0,2141.723273396492,2237.0186706781387,728.2350434660912,0.0,5106.976987540722,5106.976989026414,0.4193720234100343,0.4380318680669443,0.14259610823210714,0.881930357158184,0.9999999997090857
39.0,2141.268555521965,2237.0186706781387,728.6897607445717,0.0,5106.976986944675,5106.976989026414,0.41928298485052956,0.4380318680669443,0.14268514667489973,0.8837487399578094,0.9999999995923736
40.0,2139.699954032898,2237.0186706781387,730.2583610415459,0.0,5106.976985752583,5106.976989026414,0.4189758361219495,0.4380318680669443,0.1429922951700554,0.8857913509011268,0.9999999993589492
41.0,2138.0920045375824,2237.0186706781387,731.86631244421,0.0,5106.976987659931,5106.976989026414,0.41866098263841695,0.4380318680669443,0.14330714902706695,0.8877373739480973,0.9999999997324281
42.0,2137.1090426445007,2237.0186706781387,732.8492735028267,0.0,5106.976986825466,5106.976989026414,0.41846850832431803,0.4380318680669443,0.1434996231777688,0.8894351164698601,0.9999999995690312
43.0,2136.840738773346,2237.0186706781387,733.1175785064697,0.0,5106.976987957954,5106.976989026414,0.4184159715943247,0.4380318680669443,0.1435521601295153,0.8908304635882378,0.9999999997907842
44.0,2135.9126745462418,2237.0186706781387,734.0456409454346,0.0,5106.976986169815,5106.976989026414,0.4182342468226842,0.4380318680669443,0.14373388455101926,0.8923067241311073,0.9999999994406478
45.0,2134.904553294182,2237.0186706781387,735.0537617206573,0.0,5106.976985692978,5106.976989026414,0.41803684604053337,0.4380318680669443,0.1439312852398003,0.8936572517156601,0.999999999347278
46.0,2134.8121316432953,2237.0186706781387,735.1461840867996,0.0,5106.976986408234,5106.976989026414,0.4180187489057538,0.4380318680669443,0.1439493825146345,0.8946030815243721,0.9999999994873326
47.0,2134.8119673728943,2237.0186706781387,735.1463484764099,0.0,5106.976986527443,5106.976989026414,0.4180187167398754,0.4380318680669443,0.14394941470385536,0.8951856334209443,0.9999999995106751
48.0,2134.8119673728943,2237.0186706781387,735.1463484764099,0.0,5106.976986527443,5106.976989026414,0.4180187167398754,0.4380318680669443,0.14394941470385536,0.8955694469213485,0.9999999995106751
