scenario,hour,mean_water_fraction,mean_kinematic_viscosity_cSt,mean_ohnesorge,mean_entrainment_rate_s-1
C2,0.0,0.0,13.693488654098472,0.017681688534364,0.0020215260729257
C2,1.0,0.0,8.300171151859104,0.0107176587136206,0.004521532477813
C2,2.0,0.0,7.247656067105779,0.0093586084299316,0.0049373626458883
C2,3.0,0.0,6.771029350994041,0.008743157386372,0.0045009107302803
C2,4.0,0.0,6.5246059148194036,0.0084249424927507,0.0037669947742215
C2,5.0,0.0,6.35279848777164,0.0082031099061807,0.0030760007052858
C2,6.0,0.0,5.628598150906328,0.0072679554556343,0.0024855205546592
C2,7.0,0.0,5.618459920697205,0.0072548413827276,0.0015518598076116
C2,8.0,0.0,5.616131369606592,0.0072517845314306,0.0015874909600786
C2,9.0,0.0,5.614392108327593,0.0072495165251344,0.0014936993661367
C2,10.0,0.0,5.6137273918466235,0.0072486326248871,0.0001002024989264
C2,11.0,0.0,5.609217222627194,0.0072427439019769,7.78777337540451e-05
C2,12.0,0.0,5.6060982810777205,0.0072386652635973,7.532803649559552e-05
C2,13.0,0.0,5.603763117960625,0.0072356048639148,0.0001664222842285
C2,14.0,0.0,5.601057131116249,0.0072320638731489,0.0004049515382821
C2,15.0,0.0,5.599113103016862,0.0072295082531162,0.0009001005132348
C2,16.0,0.0,5.597717627551901,0.0072276704728687,0.0010765704406957
C2,17.0,0.0,5.596484676061664,0.0072260419359701,0.0018801497927738
C2,18.0,0.0,5.595297271611344,0.0072244773653595,0.0036550856633258
C2,19.0,0.0,5.596132800747,0.0072255273199499,0.0046102515633461
C2,20.0,0.0,5.594956368440762,0.0072239576011533,0.0040808239589321
C2,21.0,0.0,5.593129169028543,0.0072215493156775,0.0031180333709806
C2,22.0,0.0,5.591725606791442,0.007219685967744,0.0024071489249037
C2,23.0,0.0,5.589198902271164,0.0072163785275633,0.0025040419654046
C2,24.0,0.0,5.588049738889822,0.0072148450262733,0.0028763404298464
C2,25.0,0.0,5.586211683294096,0.007212384255892,0.0028836159372728
C2,26.0,0.0,5.582212912031537,0.0072071200300413,0.0032051471265352
C2,27.0,0.0,5.57922327925553,0.0072031579306617,0.0027749195326314
C2,28.0,0.0,5.57542937076505,0.0071981407658952,0.0019603570022422
C2,29.0,0.0,5.570768059897091,0.0071919726472806,0.0009377302524658
C2,30.0,0.0,5.565313482293277,0.0071847888994853,0.0003186941669564
C2,31.0,0.0,5.559817169341841,0.0071775520626442,0.0001545490230539
C2,32.0,0.0,5.555139047373814,0.0071713990512946,5.699096256558418e-05
C2,33.0,0.0,5.5512571689178,0.0071662728865466,8.14466150996505e-06
C2,34.0,0.0,5.547203174955939,0.0071609296387131,8.993389422375052e-07
C2,35.0,0.0,5.543237452457106,0.0071556915252177,5.344662616850835e-07
C2,36.0,0.0,5.539688240787655,0.0071509969939016,4.1524226579009345e-06
C2,37.0,0.0,5.535707633498532,0.0071457300150084,3.9857842852922845e-06
C2,38.0,0.0,5.5318510849247104,0.0071406133813457,4.109394098395394e-05
C2,39.0,0.0,5.528170105662866,0.0071357073700579,0.00018285125627
C2,40.0,0.0,5.524147604319296,0.0071303424980543,0.000209678613755
C2,41.0,0.0,5.520222307040967,0.0071251226343927,0.0001809862692559
C2,42.0,0.0,5.516080869711004,0.0071195901888731,3.403396961108654e-05
C2,43.0,0.0,5.511141852821311,0.0071130325698684,9.610041352661388e-05
C2,44.0,0.0,5.506634711764491,0.0071070445184275,0.0001494178837562
C2,45.0,0.0,5.502050846644124,0.0071009648022974,2.8915231453260197e-05
C2,46.0,0.0,5.497494753853971,0.0070949158062766,0.0
C2,47.0,0.0,5.493818472587009,0.007090028322291,0.0
C2,48.0,0.0,5.490735934017721,0.0197124284658831,0.0
C3,0.0,0.0,13.693488654098472,0.017681688534364,0.0020215260729257
C3,1.0,0.0547727788984775,11.857871146276011,0.0153115758829358,0.0031637262424143
C3,2.0,0.1670211049900066,21.18403755621962,0.026513249198744,0.0024443393440624
C3,3.0,0.2521743329296185,36.25094915130559,0.0436182173638681,0.0016810984307225
C3,4.0,0.3105301160911719,55.287140542228975,0.0642835642554668,0.0012211134108333
C3,5.0,0.352475057791219,76.62679108086779,0.0866666155883468,0.0008478788396146
C3,6.0,0.4155051574036479,106.10852780428104,0.1171230694802915,0.0005470667636078
C3,7.0,0.4993042140603065,149.20153200728237,0.1613544101442535,0.0001939521428442
C3,8.0,0.555056765794754,194.8330408522452,0.2068947447201299,0.0001491345048733
C3,9.0,0.5987227431535721,247.1415883337613,0.2579938868154629,0.0001172242651659
C3,10.0,0.6310421935915947,308.05699330812786,0.3163363648409013,6.987720868305917e-06
C3,11.0,0.6507764402627945,359.12463158456376,0.3644657762402122,4.807226379952641e-06
C3,12.0,0.6681264246106148,408.289321596385,0.4102392192808835,3.859332565745999e-06
C3,13.0,0.6840329330563545,461.8792142427992,0.4595600704096633,8.128993200853801e-06
C3,14.0,0.7000985721945763,525.0866266724188,0.5170402061117348,1.887589591532699e-05
C3,15.0,0.7163806826472282,603.2874425145565,0.5872693537885206,3.814179196874457e-05
C3,16.0,0.7325719045996666,701.4238801784813,0.6743118786301121,4.2303516538811186e-05
C3,17.0,0.7479811611771584,816.1225524381734,0.7746836870509106,6.504892474929357e-05
C3,18.0,0.7639374825954437,962.0479989098384,0.9005533809878032,0.0001121013641143
C3,19.0,0.7810714665651322,1170.6211690034252,1.0775486614272898,0.0001256452987489
C3,20.0,0.7966901111602783,1450.9798314538784,1.3110186932721255,9.790678628365264e-05
C3,21.0,0.8090494989156723,1764.865783799905,1.567340299703811,6.57973690317677e-05
C3,22.0,0.8187702530622483,2079.997244989499,1.8200952903251464,4.627144372804951e-05
C3,23.0,0.8269518747329712,2393.6667325906456,2.067875637412269,4.371109905933403e-05
C3,24.0,0.8345604355931282,2730.938535067253,2.3305875199222617,4.73477604562825e-05
C3,25.0,0.8417995486259461,3118.7492177123204,2.628641046107942,4.2355942625283686e-05
C3,26.0,0.8484872758984566,3544.667740468867,2.9515212034912577,4.381407559653373e-05
C3,27.0,0.8546753391027451,4028.5140239866446,3.313686667107864,3.46336281349749e-05
C3,28.0,0.8599432668089867,4530.532149598002,3.684272561921792,2.1364106129022875e-05
C3,29.0,0.8642056569457054,5007.693358231336,4.031855079683394,9.212976868750503e-06
C3,30.0,0.8675404708385468,5426.218093372881,4.332738225282553,2.737003997397464e-06
C3,31.0,0.8702191918492317,5759.593766881153,4.567619303138669,1.0180165127151434e-06
C3,32.0,0.8725300444364548,6033.803007332608,4.756829261099604,4.249387107576305e-07
C3,33.0,0.8745195266008378,6290.2384146582335,4.932385199731012,5.8424380132381723e-08
C3,34.0,0.8760652587413787,6504.448561230674,5.0776304699788,6.0963577877800645e-09
C3,35.0,0.8774495666623116,6684.3687577638775,5.1984253748208475,1.6452930843566706e-08
C3,36.0,0.8788612880706788,6868.870058096945,5.321770820903346,2.284352170437508e-08
C3,37.0,0.8803270354866981,7063.699905294925,5.4511509598949255,7.273295331883914e-08
C3,38.0,0.881930357158184,7281.761966645718,5.595402610064267,2.443424835422532e-07
C3,39.0,0.8837487399578094,7536.78163792938,5.763194005746109,1.7222020406893935e-06
C3,40.0,0.8857913509011268,7858.901477884501,5.974738614995339,1.5229980458364726e-06
C3,41.0,0.8877373739480973,8199.249875266105,6.196568210590846,1.3434346249277145e-06
C3,42.0,0.8894351164698601,8533.681016881019,6.4131889478092,1.6236339917876353e-07
C3,43.0,0.8908304635882378,8803.061443846673,6.585589603220483,8.417282928139923e-07
C3,44.0,0.8923067241311073,9083.1806124188,6.764861656639221,1.3395021926844085e-06
C3,45.0,0.8936572517156601,9370.791769120842,6.9481441287708625,1.5906680558315258e-07
C3,46.0,0.8946030815243721,9602.060243487358,7.094485494989259,3.123054569710646e-10
C3,47.0,0.8951856334209443,9752.648595254868,7.188905059592341,0.0
C3,48.0,0.8955694469213485,9845.688602421433,38.33785982096403,0.0
